name1,name2
0,5
0,27
0,36
0,80
0,90
0,91
0,117
0,125
0,126
0,135
0,153
0,160
0,175
0,178
0,199
0,207
0,217
0,257
0,260
0,278
0,300
0,310
0,311
0,351
0,359
0,384
0,390
0,410
1,5
1,8
1,11
1,27
1,29
1,64
1,74
1,90
1,91
1,98
1,117
1,124
1,125
1,126
1,132
1,135
1,160
1,161
1,167
1,175
1,178
1,190
1,207
1,216
1,217
1,236
1,245
1,252
1,257
1,272
1,278
1,290
1,301
1,303
1,310
1,311
1,319
1,327
1,340
1,351
1,359
1,364
1,366
1,369
1,371
1,378
1,381
1,384
1,410
2,3
2,5
2,11
2,27
2,29
2,45
2,50
2,60
2,90
2,91
2,117
2,118
2,125
2,126
2,130
2,135
2,160
2,175
2,178
2,188
2,197
2,207
2,217
2,257
2,278
2,287
2,290
2,294
2,310
2,311
2,324
2,351
2,359
2,371
2,380
2,381
2,384
2,410
3,5
3,8
3,11
3,27
3,55
3,88
3,90
3,98
3,117
3,125
3,126
3,131
3,132
3,137
3,160
3,175
3,178
3,190
3,198
3,207
3,210
3,217
3,228
3,257
3,258
3,265
3,272
3,278
3,300
3,310
3,311
3,327
3,336
3,345
3,359
3,371
3,376
3,381
3,384
4,2
4,11
4,27
4,29
4,90
4,91
4,98
4,100
4,117
4,125
4,126
4,175
4,178
4,207
4,209
4,217
4,255
4,257
4,258
4,260
4,278
4,290
4,294
4,310
4,311
4,359
4,378
4,381
4,384
5,27
5,90
5,98
5,117
5,125
5,126
5,175
5,178
5,207
5,217
5,257
5,277
5,278
5,300
5,310
5,311
5,359
5,384
5,410
6,27
6,90
6,98
6,117
6,125
6,126
6,175
6,178
6,207
6,217
6,257
6,278
6,300
6,310
6,311
6,359
6,384
6,410
7,8
7,11
7,27
7,29
7,90
7,91
7,117
7,125
7,126
7,128
7,135
7,153
7,160
7,161
7,175
7,207
7,217
7,245
7,257
7,278
7,291
7,301
7,302
7,310
7,311
7,327
7,334
7,336
7,345
7,359
7,371
7,377
7,381
7,384
7,395
7,410
7,424
8,8
8,11
8,27
8,62
8,90
8,91
8,95
8,113
8,117
8,125
8,126
8,135
8,160
8,175
8,178
8,195
8,197
8,207
8,212
8,214
8,217
8,223
8,252
8,257
8,273
8,278
8,294
8,310
8,311
8,338
8,359
8,369
8,380
8,381
8,384
8,410
9,2
9,5
9,29
9,55
9,64
9,65
9,81
9,91
9,95
9,125
9,126
9,135
9,160
9,175
9,178
9,179
9,214
9,217
9,257
9,278
9,291
9,294
9,310
9,311
9,336
9,351
9,360
9,366
9,371
9,372
9,377
9,410
10,53
10,91
10,125
10,257
10,278
10,294
10,307
10,311
10,339
10,364
10,395
10,410
11,6
11,11
11,21
11,28
11,30
11,31
11,53
11,55
11,62
11,64
11,78
11,84
11,90
11,91
11,98
11,114
11,135
11,153
11,160
11,161
11,188
11,189
11,199
11,218
11,257
11,258
11,277
11,278
11,301
11,311
11,319
11,336
11,345
11,364
11,371
11,372
11,377
11,378
11,382
11,386
11,410
11,420
12,5
12,6
12,8
12,11
12,29
12,30
12,31
12,36
12,37
12,46
12,51
12,64
12,76
12,78
12,80
12,90
12,91
12,95
12,125
12,130
12,131
12,132
12,135
12,153
12,158
12,161
12,178
12,188
12,195
12,197
12,199
12,215
12,229
12,248
12,254
12,257
12,264
12,277
12,278
12,285
12,290
12,291
12,301
12,311
12,319
12,336
12,350
12,359
12,362
12,364
12,371
12,384
12,395
12,410
12,420
13,2
13,3
13,28
13,29
13,55
13,90
13,91
13,98
13,109
13,137
13,153
13,159
13,161
13,175
13,178
13,190
13,196
13,228
13,229
13,236
13,257
13,278
13,280
13,291
13,294
13,301
13,307
13,311
13,327
13,336
13,346
13,359
13,371
13,410
13,421
14,29
14,30
14,32
14,50
14,55
14,86
14,126
14,131
14,160
14,161
14,189
14,218
14,231
14,236
14,238
14,257
14,259
14,277
14,311
14,319
14,338
14,345
14,371
14,410
15,29
15,30
15,53
15,55
15,64
15,84
15,90
15,91
15,125
15,126
15,131
15,135
15,160
15,161
15,175
15,178
15,200
15,220
15,236
15,252
15,257
15,265
15,277
15,278
15,301
15,310
15,311
15,319
15,326
15,327
15,336
15,359
15,384
15,410
15,421
16,423
17,91
17,371
19,190
20,410
21,377
21,387
23,105
23,161
25,135
25,163
25,310
25,371
25,410
26,2
26,3
26,22
26,26
26,27
26,29
26,30
26,38
26,74
26,78
26,91
26,95
26,98
26,109
26,127
26,135
26,140
26,141
26,153
26,161
26,168
26,178
26,179
26,180
26,188
26,189
26,190
26,191
26,192
26,193
26,194
26,195
26,197
26,199
26,215
26,216
26,217
26,218
26,236
26,244
26,248
26,249
26,250
26,252
26,257
26,265
26,278
26,286
26,291
26,297
26,302
26,311
26,312
26,326
26,327
26,336
26,338
26,341
26,362
26,364
26,371
26,374
26,378
26,395
26,398
26,410
27,3
27,74
27,140
27,161
27,236
27,257
27,259
27,311
27,377
28,160
28,278
29,183
29,257
30,161
30,371
31,257
31,311
31,336
31,410
32,91
33,90
33,161
33,188
34,410
35,197
35,217
35,257
36,82
37,49
37,160
37,257
40,38
40,91
40,94
40,118
40,135
40,153
40,178
40,186
40,187
40,193
40,218
40,258
40,278
40,319
40,374
41,160
41,311
41,336
41,360
41,371
42,64
42,311
43,278
44,336
46,371
47,91
47,257
48,0
48,2
48,6
48,11
48,29
48,32
48,38
48,51
48,65
48,90
48,91
48,95
48,100
48,126
48,154
48,160
48,161
48,165
48,175
48,178
48,188
48,189
48,195
48,198
48,217
48,231
48,236
48,249
48,257
48,259
48,265
48,277
48,278
48,286
48,290
48,294
48,311
48,327
48,336
48,377
48,380
48,381
48,384
48,410
49,5
49,6
49,90
49,91
49,107
49,125
49,126
49,160
49,161
49,175
49,183
49,197
49,200
49,236
49,237
49,242
49,255
49,257
49,258
49,277
49,278
49,290
49,303
49,307
49,311
49,319
49,324
49,336
49,364
49,365
49,366
49,370
49,371
49,372
49,377
49,410
50,5
50,6
50,90
50,91
50,107
50,118
50,125
50,126
50,160
50,161
50,175
50,183
50,197
50,200
50,236
50,237
50,242
50,255
50,258
50,277
50,278
50,290
50,303
50,307
50,311
50,324
50,336
50,366
50,370
50,371
50,372
50,377
50,410
51,3
51,5
51,11
51,18
51,23
51,27
51,29
51,30
51,32
51,44
51,49
51,55
51,59
51,62
51,64
51,70
51,78
51,81
51,90
51,91
51,95
51,98
51,109
51,112
51,114
51,124
51,126
51,135
51,153
51,158
51,160
51,161
51,172
51,178
51,179
51,181
51,182
51,190
51,197
51,203
51,206
51,212
51,215
51,217
51,219
51,224
51,228
51,229
51,232
51,236
51,237
51,248
51,252
51,257
51,258
51,265
51,269
51,272
51,277
51,278
51,290
51,291
51,294
51,301
51,311
51,327
51,336
51,344
51,345
51,351
51,353
51,364
51,365
51,366
51,370
51,371
51,378
51,389
51,395
51,398
51,401
51,403
51,409
51,410
51,417
51,421
52,27
52,160
52,278
52,371
53,91
53,371
55,29
57,30
57,372
57,410
58,311
59,311
60,311
61,91
61,311
62,3
62,29
62,35
62,42
62,50
62,65
62,90
62,91
62,160
62,161
62,217
62,257
62,259
62,265
62,277
62,311
62,327
62,336
62,371
62,410
63,217
64,91
64,160
64,175
64,290
64,371
64,410
65,91
66,78
66,91
66,94
66,160
66,188
66,265
69,28
69,160
69,161
69,199
69,255
69,291
69,319
69,364
69,410
70,90
70,160
70,161
70,199
70,255
70,257
70,291
70,319
70,364
70,366
70,410
71,229
71,336
72,311
73,410
74,135
75,91
76,85
76,91
77,31
77,46
77,91
77,160
77,257
77,410
78,31
78,46
78,91
78,135
78,161
78,178
78,257
78,410
79,43
79,60
79,68
79,90
79,91
79,197
79,371
80,215
80,311
81,91
81,410
83,85
83,410
84,60
84,214
85,91
86,91
86,371
86,410
87,90
87,91
87,257
87,278
87,371
87,410
88,11
88,23
88,257
89,371
89,387
90,336
90,364
90,371
91,63
91,91
91,319
91,410
93,160
95,66
95,91
95,252
95,371
96,5
96,8
96,11
96,63
96,90
96,91
96,95
96,109
96,132
96,135
96,140
96,160
96,161
96,175
96,178
96,188
96,190
96,191
96,193
96,229
96,248
96,257
96,287
96,290
96,294
96,301
96,309
96,311
96,319
96,327
96,351
96,364
96,370
96,371
96,372
96,392
96,410
97,8
97,48
97,79
97,91
97,109
97,125
97,135
97,149
97,150
97,160
97,161
97,175
97,178
97,217
97,223
97,257
97,259
97,260
97,278
97,290
97,327
97,336
97,359
97,364
97,371
97,376
97,395
97,410
97,424
98,5
98,8
98,29
98,31
98,40
98,44
98,64
98,70
98,85
98,90
98,91
98,102
98,122
98,130
98,132
98,133
98,140
98,160
98,161
98,166
98,178
98,188
98,197
98,200
98,214
98,217
98,218
98,223
98,224
98,252
98,257
98,278
98,283
98,291
98,294
98,301
98,311
98,319
98,327
98,336
98,345
98,347
98,350
98,359
98,367
98,371
98,390
98,395
98,398
98,410
98,411
98,420
98,423
99,135
100,257
101,364
102,2
102,29
102,30
102,59
102,60
102,64
102,90
102,91
102,114
102,153
102,160
102,161
102,178
102,207
102,215
102,216
102,217
102,222
102,252
102,257
102,265
102,295
102,301
102,307
102,311
102,336
102,345
102,364
102,371
102,377
102,381
102,390
102,410
102,412
102,413
103,29
103,40
103,45
103,91
103,95
103,125
103,132
103,133
103,149
103,160
103,161
103,175
103,178
103,190
103,215
103,248
103,257
103,260
103,278
103,288
103,301
103,312
103,317
103,336
103,345
103,371
103,375
103,410
104,376
105,29
105,45
105,53
105,60
105,90
105,91
105,125
105,126
105,135
105,160
105,161
105,207
105,246
105,257
105,265
105,277
105,278
105,286
105,290
105,311
105,336
105,345
105,364
105,371
105,377
105,384
105,410
105,421
106,8
106,29
106,161
106,178
106,190
106,227
106,257
106,317
106,364
106,370
106,410
106,421
107,28
107,161
107,175
107,236
107,257
107,265
107,278
107,310
107,311
107,319
108,28
108,161
108,175
108,236
108,257
108,265
108,278
108,310
108,311
108,319
108,343
109,5
109,37
109,49
109,51
109,91
109,132
109,160
109,161
109,178
109,236
109,257
109,265
109,277
109,286
109,290
109,297
109,302
109,311
109,334
109,344
109,371
109,377
109,410
110,4
110,23
110,24
110,31
110,51
110,64
110,66
110,82
110,90
110,91
110,135
110,140
110,161
110,164
110,173
110,179
110,195
110,214
110,220
110,257
110,290
110,291
110,294
110,297
110,311
110,334
110,336
110,376
110,384
110,390
110,410
110,418
110,423
111,8
111,11
111,21
111,34
111,36
111,41
111,48
111,52
111,53
111,55
111,78
111,81
111,84
111,90
111,91
111,124
111,125
111,126
111,135
111,161
111,175
111,188
111,196
111,203
111,252
111,257
111,258
111,278
111,291
111,302
111,311
111,315
111,319
111,336
111,345
111,359
111,371
111,374
111,377
111,393
111,410
111,421
112,4
112,11
112,22
112,23
112,27
112,29
112,30
112,32
112,44
112,50
112,62
112,89
112,90
112,91
112,95
112,98
112,107
112,125
112,126
112,130
112,143
112,150
112,153
112,160
112,161
112,165
112,175
112,178
112,190
112,196
112,207
112,210
112,213
112,217
112,227
112,229
112,236
112,237
112,252
112,255
112,257
112,258
112,260
112,264
112,265
112,267
112,273
112,276
112,278
112,291
112,302
112,311
112,336
112,347
112,350
112,354
112,364
112,365
112,370
112,372
112,381
112,384
112,410
112,431
113,5
113,11
113,17
113,27
113,29
113,36
113,50
113,55
113,64
113,74
113,84
113,90
113,91
113,98
113,107
113,109
113,125
113,126
113,128
113,133
113,135
113,136
113,143
113,145
113,153
113,159
113,160
113,161
113,173
113,175
113,178
113,190
113,194
113,195
113,204
113,214
113,217
113,222
113,229
113,236
113,244
113,245
113,252
113,257
113,264
113,265
113,277
113,278
113,294
113,295
113,301
113,311
113,319
113,327
113,336
113,359
113,361
113,363
113,366
113,371
113,372
113,374
113,377
113,388
113,398
113,410
113,421
114,8
114,9
114,29
114,30
114,47
114,64
114,78
114,91
114,95
114,107
114,111
114,130
114,135
114,137
114,159
114,160
114,199
114,224
114,236
114,248
114,257
114,264
114,277
114,278
114,285
114,301
114,302
114,310
114,311
114,326
114,334
114,336
114,364
114,370
114,371
114,378
114,390
114,395
114,410
114,424
115,3
115,5
115,11
115,17
115,18
115,27
115,29
115,36
115,45
115,50
115,51
115,53
115,55
115,62
115,64
115,65
115,78
115,81
115,84
115,86
115,90
115,91
115,95
115,109
115,114
115,125
115,126
115,130
115,133
115,135
115,136
115,145
115,153
115,159
115,160
115,161
115,175
115,178
115,190
115,194
115,195
115,204
115,215
115,217
115,222
115,223
115,236
115,245
115,248
115,257
115,258
115,259
115,277
115,278
115,280
115,290
115,291
115,294
115,297
115,301
115,310
115,311
115,317
115,319
115,327
115,333
115,335
115,336
115,359
115,362
115,363
115,371
115,372
115,377
115,378
115,384
115,398
115,405
115,410
115,416
115,421
115,432
118,2
118,4
118,5
118,8
118,11
118,18
118,24
118,25
118,27
118,28
118,29
118,30
118,31
118,32
118,33
118,37
118,43
118,44
118,45
118,50
118,51
118,63
118,64
118,65
118,71
118,77
118,78
118,90
118,91
118,95
118,96
118,97
118,98
118,100
118,108
118,109
118,114
118,117
118,118
118,125
118,129
118,130
118,132
118,133
118,135
118,153
118,156
118,160
118,163
118,164
118,167
118,175
118,178
118,179
118,184
118,188
118,189
118,190
118,191
118,195
118,196
118,197
118,200
118,206
118,212
118,214
118,217
118,218
118,222
118,225
118,227
118,228
118,229
118,233
118,236
118,242
118,243
118,247
118,248
118,249
118,252
118,256
118,257
118,258
118,259
118,260
118,265
118,272
118,273
118,277
118,278
118,281
118,287
118,290
118,291
118,294
118,297
118,299
118,301
118,302
118,303
118,310
118,311
118,327
118,350
118,351
118,352
118,360
118,362
118,364
118,366
118,367
118,369
118,371
118,372
118,373
118,378
118,392
118,398
118,403
118,404
118,409
118,410
118,416
118,420
118,423
118,424
118,427
118,428
119,3
119,8
119,11
119,21
119,26
119,27
119,29
119,30
119,31
119,44
119,48
119,78
119,89
119,91
119,109
119,114
119,124
119,125
119,128
119,130
119,135
119,153
119,160
119,161
119,175
119,196
119,197
119,217
119,218
119,243
119,249
119,257
119,278
119,283
119,291
119,294
119,304
119,307
119,311
119,319
119,326
119,327
119,336
119,337
119,345
119,350
119,371
119,372
119,394
119,395
119,398
119,403
119,410
119,423
120,377
121,345
121,424
122,5
122,8
122,16
122,21
122,27
122,55
122,78
122,82
122,90
122,91
122,125
122,126
122,135
122,153
122,160
122,161
122,163
122,173
122,178
122,190
122,195
122,200
122,217
122,257
122,258
122,259
122,277
122,278
122,290
122,294
122,306
122,311
122,327
122,334
122,336
122,343
122,371
122,378
122,403
122,404
122,410
122,417
123,8
123,16
123,27
123,31
123,91
123,125
123,137
123,163
123,215
123,252
123,257
123,268
123,278
123,378
123,410
124,28
124,71
124,73
124,82
124,91
124,95
124,98
124,109
124,153
124,159
124,160
124,161
124,175
124,183
124,188
124,190
124,198
124,217
124,257
124,278
124,290
124,301
124,310
124,311
124,326
124,364
124,371
124,376
124,410
124,424
125,1
125,3
125,28
125,29
125,30
125,32
125,44
125,48
125,50
125,59
125,64
125,74
125,78
125,90
125,91
125,114
125,116
125,126
125,128
125,135
125,143
125,161
125,165
125,178
125,179
125,183
125,188
125,190
125,195
125,197
125,200
125,207
125,212
125,214
125,215
125,217
125,218
125,223
125,229
125,236
125,256
125,257
125,258
125,259
125,260
125,265
125,269
125,272
125,273
125,274
125,278
125,290
125,291
125,297
125,301
125,311
125,317
125,326
125,327
125,334
125,336
125,359
125,363
125,371
125,372
125,375
125,378
125,382
125,392
125,398
125,403
125,407
125,410
125,417
125,423
126,3
126,8
126,9
126,26
126,53
126,64
126,74
126,135
126,150
126,160
126,188
126,189
126,259
126,278
126,294
126,310
126,311
126,345
126,371
126,410
127,8
127,310
127,371
127,410
128,16
128,27
128,29
128,53
128,78
128,90
128,91
128,114
128,125
128,153
128,160
128,161
128,183
128,231
128,249
128,257
128,258
128,290
128,311
128,319
128,336
128,338
128,364
128,371
128,403
128,410
128,421
129,311
130,35
130,91
130,95
130,160
130,161
130,167
130,257
130,294
130,317
130,371
130,376
130,390
130,410
131,2
131,4
131,5
131,8
131,11
131,12
131,18
131,22
131,24
131,27
131,28
131,29
131,30
131,32
131,37
131,39
131,44
131,50
131,53
131,54
131,55
131,59
131,60
131,62
131,64
131,70
131,74
131,78
131,82
131,84
131,86
131,89
131,90
131,91
131,95
131,98
131,100
131,101
131,103
131,106
131,107
131,109
131,118
131,121
131,122
131,125
131,132
131,133
131,135
131,152
131,153
131,155
131,160
131,161
131,163
131,175
131,178
131,183
131,188
131,189
131,190
131,191
131,197
131,199
131,206
131,207
131,208
131,210
131,212
131,214
131,215
131,217
131,218
131,220
131,224
131,227
131,228
131,236
131,237
131,242
131,243
131,245
131,248
131,252
131,257
131,258
131,259
131,263
131,265
131,266
131,268
131,269
131,272
131,273
131,274
131,278
131,288
131,290
131,291
131,294
131,300
131,301
131,304
131,309
131,310
131,311
131,314
131,317
131,326
131,327
131,336
131,341
131,347
131,350
131,351
131,352
131,360
131,362
131,363
131,364
131,367
131,371
131,372
131,377
131,378
131,380
131,398
131,400
131,403
131,410
131,415
131,420
131,421
131,423
131,424
131,432
131,434
132,2
132,8
132,18
132,24
132,25
132,27
132,28
132,31
132,50
132,55
132,67
132,90
132,91
132,109
132,110
132,114
132,126
132,131
132,132
132,135
132,160
132,161
132,175
132,183
132,188
132,189
132,212
132,214
132,217
132,220
132,224
132,236
132,237
132,249
132,257
132,265
132,266
132,267
132,272
132,278
132,285
132,290
132,291
132,297
132,303
132,311
132,316
132,319
132,328
132,336
132,359
132,361
132,371
132,378
132,384
132,390
132,395
132,398
132,410
132,421
132,422
132,429
133,2
133,5
133,8
133,11
133,14
133,28
133,30
133,31
133,36
133,40
133,44
133,62
133,63
133,64
133,90
133,91
133,95
133,126
133,140
133,160
133,161
133,178
133,190
133,217
133,229
133,250
133,252
133,257
133,258
133,278
133,291
133,297
133,303
133,311
133,338
133,353
133,359
133,371
133,378
133,384
133,392
133,395
133,410
133,419
133,421
134,4
134,5
134,32
134,60
134,90
134,91
134,98
134,141
134,160
134,161
134,178
134,183
134,190
134,199
134,236
134,237
134,250
134,265
134,278
134,290
134,291
134,311
134,328
134,336
134,345
134,359
134,363
134,371
134,377
134,384
134,398
134,410
134,422
135,4
135,5
135,32
135,90
135,91
135,98
135,141
135,160
135,161
135,178
135,190
135,199
135,236
135,250
135,265
135,278
135,290
135,311
135,328
135,336
135,345
135,359
135,363
135,371
135,377
135,384
135,398
135,410
135,422
136,5
136,11
136,29
136,30
136,34
136,46
136,48
136,50
136,51
136,55
136,59
136,64
136,68
136,78
136,90
136,91
136,95
136,100
136,109
136,122
136,126
136,131
136,132
136,153
136,154
136,160
136,161
136,178
136,182
136,183
136,190
136,191
136,195
136,197
136,199
136,206
136,209
136,212
136,216
136,217
136,220
136,228
136,229
136,235
136,236
136,237
136,248
136,249
136,257
136,258
136,265
136,267
136,268
136,270
136,272
136,277
136,278
136,290
136,291
136,301
136,310
136,311
136,319
136,326
136,327
136,336
136,351
136,359
136,361
136,364
136,366
136,370
136,371
136,372
136,375
136,377
136,378
136,379
136,384
136,390
136,393
136,395
136,399
136,410
136,420
136,421
136,423
136,433
137,26
137,88
137,91
137,95
137,160
137,161
137,175
137,188
137,217
137,224
137,236
137,248
137,257
137,258
137,265
137,278
137,290
137,311
137,336
137,353
137,364
137,366
137,390
137,410
138,28
138,91
138,160
138,161
138,175
138,188
138,248
138,257
138,277
138,336
138,351
138,384
138,395
138,410
138,424
139,46
139,51
139,78
139,86
139,109
139,110
139,132
139,139
139,160
139,178
139,190
139,257
139,258
139,271
139,277
139,297
139,311
139,319
139,336
139,366
139,371
139,402
139,410
140,31
140,51
140,160
140,161
140,175
140,277
140,336
140,359
140,371
141,3
141,4
141,8
141,23
141,29
141,37
141,45
141,51
141,52
141,53
141,63
141,74
141,84
141,91
141,125
141,134
141,140
141,159
141,160
141,161
141,177
141,178
141,189
141,190
141,193
141,197
141,199
141,209
141,217
141,224
141,227
141,252
141,257
141,277
141,278
141,290
141,301
141,311
141,319
141,326
141,336
141,339
141,345
141,363
141,364
141,366
141,371
141,381
141,393
141,398
141,410
141,421
142,85
142,161
142,229
142,371
143,277
144,4
144,8
144,27
144,28
144,30
144,51
144,52
144,53
144,55
144,84
144,91
144,124
144,125
144,126
144,133
144,134
144,135
144,140
144,160
144,161
144,163
144,167
144,177
144,197
144,199
144,217
144,227
144,236
144,249
144,257
144,277
144,278
144,311
144,317
144,319
144,326
144,336
144,339
144,345
144,357
144,371
144,377
144,381
144,383
144,384
144,395
144,410
144,423
145,22
145,55
145,67
145,132
145,159
145,160
145,161
145,179
145,195
145,257
145,260
145,265
145,272
145,286
145,310
145,311
145,336
145,382
145,410
145,419
145,434
146,27
146,29
146,87
146,91
146,93
146,105
146,109
146,116
146,135
146,140
146,161
146,176
146,188
146,190
146,210
146,226
146,248
146,249
146,257
146,260
146,278
146,297
146,311
146,359
146,371
146,410
147,8
147,53
147,55
147,81
147,91
147,109
147,125
147,161
147,178
147,188
147,198
147,210
147,218
147,228
147,257
147,277
147,278
147,290
147,301
147,311
147,355
147,356
147,410
148,27
148,63
148,91
148,257
148,371
148,378
148,388
148,410
149,34
149,64
149,161
149,214
149,364
149,371
149,377
149,390
150,11
150,27
150,34
150,41
150,50
150,51
150,90
150,91
150,95
150,100
150,127
150,160
150,161
150,175
150,178
150,182
150,183
150,188
150,195
150,199
150,208
150,212
150,236
150,237
150,248
150,257
150,265
150,277
150,278
150,290
150,294
150,302
150,310
150,311
150,319
150,327
150,336
150,361
150,364
150,367
150,371
150,374
150,376
150,379
150,384
150,408
150,410
150,420
150,421
151,51
151,90
151,91
151,125
151,153
151,161
151,175
151,178
151,188
151,257
151,258
151,265
151,278
151,310
151,311
151,362
151,364
151,377
151,410
151,420
152,29
152,32
152,43
152,82
152,160
152,327
152,336
153,313
153,377
154,91
154,280
154,319
154,371
154,421
155,18
155,44
155,78
155,90
155,91
155,98
155,126
155,160
155,195
155,198
155,215
155,252
155,257
155,278
155,291
155,311
155,320
155,336
155,359
155,364
155,366
155,371
155,410
156,91
157,91
157,410
158,90
158,91
159,3
159,5
159,27
159,30
159,36
159,55
159,68
159,74
159,78
159,81
159,84
159,90
159,91
159,98
159,109
159,135
159,153
159,161
159,165
159,178
159,188
159,189
159,190
159,191
159,193
159,196
159,217
159,223
159,228
159,249
159,257
159,258
159,290
159,297
159,311
159,315
159,316
159,319
159,326
159,336
159,359
159,361
159,371
159,378
159,384
159,392
159,410
159,424
160,21
160,30
160,44
160,78
160,91
160,125
160,126
160,130
160,135
160,160
160,161
160,218
160,257
160,277
160,278
160,307
160,311
160,316
160,336
160,371
160,377
160,385
160,395
160,398
160,410
160,423
161,30
161,31
161,53
161,55
161,74
161,91
161,125
161,130
161,135
161,160
161,161
161,175
161,183
161,191
161,217
161,236
161,245
161,265
161,273
161,277
161,278
161,307
161,311
161,327
161,361
161,362
161,371
161,372
161,410
162,5
162,17
162,20
162,21
162,28
162,64
162,78
162,90
162,91
162,111
162,114
162,120
162,124
162,126
162,135
162,153
162,160
162,161
162,175
162,178
162,179
162,195
162,196
162,236
162,248
162,257
162,260
162,278
162,294
162,301
162,303
162,311
162,336
162,345
162,353
162,359
162,364
162,371
162,390
162,395
162,398
162,410
162,419
162,421
163,4
163,90
163,91
163,98
163,126
163,133
163,135
163,160
163,161
163,190
163,197
163,198
163,236
163,257
163,286
163,311
163,323
163,325
163,336
163,366
163,371
163,410
163,423
164,28
164,50
164,90
164,91
164,95
164,129
164,135
164,144
164,160
164,167
164,175
164,188
164,257
164,260
164,278
164,290
164,291
164,301
164,326
164,364
164,371
164,372
164,410
165,174
165,199
165,257
165,374
166,418
167,1
167,55
167,91
167,95
167,135
167,160
167,257
167,259
167,260
167,311
167,336
167,342
167,364
167,371
167,395
167,410
168,30
168,60
168,63
168,78
168,84
168,91
168,95
168,125
168,178
168,190
168,195
168,217
168,236
168,257
168,277
168,294
168,311
168,344
168,345
168,362
168,370
168,410
169,11
169,27
169,29
169,30
169,34
169,41
169,46
169,48
169,50
169,59
169,64
169,78
169,89
169,90
169,91
169,109
169,135
169,153
169,154
169,158
169,159
169,160
169,161
169,178
169,182
169,183
169,190
169,199
169,200
169,207
169,208
169,211
169,215
169,216
169,217
169,229
169,236
169,237
169,242
169,255
169,257
169,264
169,265
169,268
169,273
169,277
169,278
169,290
169,291
169,311
169,319
169,336
169,361
169,371
169,372
169,376
169,377
169,384
169,398
169,410
169,420
170,11
170,13
170,29
170,30
170,34
170,46
170,48
170,50
170,51
170,60
170,64
170,78
170,90
170,91
170,153
170,154
170,160
170,178
170,182
170,183
170,199
170,216
170,217
170,218
170,236
170,237
170,257
170,258
170,265
170,268
170,277
170,278
170,290
170,291
170,294
170,311
170,319
170,336
170,345
170,351
170,361
170,371
170,372
170,377
170,384
170,410
170,420
171,30
171,34
171,51
171,90
171,91
171,160
171,178
171,199
171,218
171,236
171,265
171,277
171,294
171,311
171,336
171,345
171,351
171,420
171,424
172,3
172,8
172,11
172,36
172,52
172,53
172,74
172,78
172,84
172,90
172,91
172,109
172,124
172,125
172,126
172,135
172,153
172,161
172,163
172,188
172,190
172,200
172,207
172,223
172,229
172,248
172,249
172,252
172,257
172,258
172,265
172,278
172,280
172,291
172,311
172,315
172,319
172,326
172,327
172,371
172,374
172,384
172,393
172,410
172,421
173,3
173,5
173,11
173,21
173,36
173,39
173,52
173,53
173,55
173,78
173,81
173,84
173,86
173,89
173,90
173,91
173,98
173,101
173,109
173,114
173,124
173,125
173,126
173,153
173,160
173,161
173,163
173,165
173,188
173,190
173,218
173,248
173,249
173,252
173,257
173,258
173,265
173,278
173,311
173,315
173,326
173,327
173,336
173,351
173,370
173,371
173,374
173,381
173,393
173,410
173,419
173,421
174,3
174,5
174,11
174,27
174,32
174,36
174,53
174,55
174,64
174,78
174,90
174,91
174,93
174,98
174,101
174,109
174,124
174,125
174,126
174,135
174,153
174,160
174,161
174,175
174,178
174,188
174,189
174,200
174,218
174,249
174,252
174,255
174,257
174,258
174,260
174,265
174,278
174,288
174,311
174,317
174,336
174,359
174,371
174,376
174,377
174,393
174,410
174,421
174,424
175,91
175,126
175,159
175,257
175,290
175,293
175,311
175,336
175,364
175,384
175,410
176,257
176,371
176,380
176,410
177,257
178,3
178,11
178,21
178,53
178,78
178,84
178,90
178,91
178,109
178,125
178,133
178,135
178,160
178,161
178,175
178,178
178,188
178,215
178,217
178,228
178,229
178,265
178,278
178,311
178,319
178,327
178,336
178,359
178,364
178,371
178,378
178,381
178,384
178,410
178,421
178,424
179,5
179,18
179,29
179,36
179,38
179,53
179,78
179,84
179,90
179,91
179,108
179,124
179,125
179,135
179,136
179,159
179,160
179,161
179,175
179,178
179,188
179,195
179,199
179,226
179,240
179,257
179,258
179,273
179,278
179,310
179,311
179,315
179,319
179,334
179,336
179,345
179,361
179,364
179,371
179,387
179,410
179,421
180,8
180,27
180,28
180,29
180,40
180,48
180,53
180,59
180,81
180,91
180,95
180,108
180,121
180,124
180,160
180,178
180,196
180,207
180,217
180,218
180,224
180,230
180,257
180,277
180,278
180,294
180,295
180,296
180,298
180,301
180,307
180,311
180,336
180,359
180,364
180,370
180,371
180,386
180,393
180,395
180,410
180,421
180,423
180,424
180,434
181,30
181,59
181,64
181,72
181,91
181,95
181,125
181,127
181,153
181,160
181,178
181,207
181,215
181,257
181,301
181,302
181,303
181,307
181,410
182,2
182,30
182,59
182,62
182,160
182,178
182,194
182,215
182,260
182,301
182,304
182,336
183,3
183,11
183,13
183,29
183,30
183,34
183,46
183,48
183,50
183,64
183,78
183,81
183,90
183,91
183,109
183,126
183,135
183,153
183,154
183,160
183,161
183,182
183,183
183,190
183,197
183,199
183,216
183,217
183,229
183,236
183,237
183,239
183,249
183,256
183,257
183,258
183,265
183,268
183,277
183,278
183,290
183,291
183,301
183,310
183,311
183,319
183,326
183,336
183,359
183,361
183,364
183,371
183,372
183,377
183,378
183,384
183,390
183,392
183,393
183,410
183,420
183,421
183,423
183,431
184,91
184,110
184,114
184,122
184,135
184,160
184,161
184,178
184,255
184,265
184,278
184,297
184,304
184,311
184,326
184,353
184,364
184,371
184,378
184,390
184,395
184,410
184,420
184,423
185,2
185,3
185,4
185,5
185,11
185,18
185,19
185,21
185,23
185,27
185,28
185,29
185,30
185,31
185,32
185,33
185,36
185,39
185,44
185,46
185,47
185,48
185,50
185,51
185,53
185,54
185,55
185,58
185,59
185,60
185,61
185,62
185,64
185,71
185,74
185,78
185,80
185,84
185,86
185,89
185,90
185,91
185,95
185,98
185,100
185,101
185,102
185,103
185,106
185,107
185,109
185,114
185,117
185,120
185,124
185,125
185,126
185,127
185,130
185,132
185,133
185,135
185,137
185,142
185,144
185,145
185,147
185,153
185,159
185,160
185,161
185,162
185,163
185,165
185,166
185,168
185,173
185,175
185,178
185,179
185,183
185,188
185,189
185,190
185,193
185,195
185,197
185,199
185,201
185,206
185,207
185,210
185,212
185,214
185,215
185,217
185,218
185,223
185,224
185,226
185,228
185,229
185,233
185,234
185,236
185,240
185,242
185,248
185,249
185,252
185,257
185,258
185,259
185,264
185,265
185,268
185,269
185,277
185,278
185,280
185,286
185,290
185,291
185,294
185,295
185,297
185,301
185,302
185,303
185,304
185,310
185,311
185,312
185,318
185,319
185,321
185,323
185,326
185,327
185,330
185,334
185,336
185,342
185,345
185,350
185,351
185,352
185,354
185,355
185,356
185,358
185,359
185,362
185,363
185,364
185,369
185,371
185,372
185,376
185,377
185,378
185,384
185,390
185,394
185,396
185,398
185,400
185,403
185,410
185,421
185,423
185,424
185,425
186,3
186,5
186,21
186,28
186,29
186,45
186,53
186,55
186,64
186,71
186,78
186,90
186,91
186,125
186,126
186,130
186,132
186,135
186,154
186,160
186,161
186,175
186,178
186,184
186,189
186,195
186,197
186,206
186,208
186,209
186,210
186,215
186,217
186,220
186,221
186,224
186,229
186,232
186,236
186,252
186,254
186,257
186,258
186,260
186,265
186,278
186,285
186,294
186,297
186,301
186,311
186,316
186,318
186,319
186,320
186,327
186,334
186,336
186,357
186,359
186,364
186,371
186,372
186,374
186,378
186,393
186,398
186,410
186,421
187,3
187,21
187,55
187,91
187,114
187,130
187,159
187,161
187,175
187,178
187,229
187,277
187,278
187,311
187,374
187,421
188,8
188,91
188,359
188,389
190,0
190,5
190,31
190,55
190,88
190,102
190,130
190,135
190,153
190,160
190,178
190,193
190,199
190,217
190,224
190,249
190,257
190,283
190,319
190,336
190,371
190,373
190,376
190,395
190,410
191,3
191,10
191,24
191,41
191,48
191,55
191,59
191,60
191,63
191,78
191,91
191,95
191,109
191,126
191,135
191,161
191,178
191,179
191,182
191,195
191,198
191,200
191,215
191,229
191,248
191,249
191,252
191,257
191,278
191,285
191,290
191,291
191,294
191,310
191,311
191,336
191,345
191,371
191,376
191,378
191,382
191,386
191,398
191,399
191,400
191,410
192,30
192,36
192,90
192,91
192,125
192,153
192,161
192,178
192,188
192,190
192,194
192,196
192,257
192,273
192,278
192,290
192,311
192,336
192,410
193,3
193,27
193,29
193,78
193,140
193,178
193,214
193,252
193,257
193,278
193,334
193,341
194,3
194,78
194,91
194,110
194,140
194,161
194,178
194,257
194,310
194,341
194,410
195,40
195,90
195,91
195,160
195,161
195,178
195,196
195,265
195,277
195,278
195,310
195,311
195,371
195,395
195,410
196,90
196,91
196,160
196,161
196,178
196,257
196,265
196,277
196,278
196,310
196,311
196,410
197,8
197,11
197,17
197,21
197,23
197,27
197,28
197,29
197,64
197,78
197,90
197,91
197,95
197,125
197,126
197,135
197,159
197,160
197,167
197,178
197,188
197,200
197,206
197,217
197,248
197,252
197,257
197,258
197,265
197,277
197,278
197,291
197,294
197,301
197,311
197,322
197,326
197,336
197,341
197,343
197,345
197,364
197,370
197,371
197,386
197,395
197,398
197,410
198,6
198,8
198,11
198,27
198,28
198,29
198,41
198,46
198,55
198,59
198,61
198,64
198,65
198,74
198,78
198,80
198,84
198,90
198,91
198,95
198,109
198,115
198,124
198,126
198,132
198,134
198,135
198,153
198,154
198,160
198,161
198,175
198,178
198,179
198,183
198,188
198,190
198,192
198,195
198,197
198,203
198,207
198,214
198,215
198,217
198,218
198,223
198,224
198,236
198,248
198,250
198,251
198,252
198,257
198,258
198,259
198,265
198,274
198,277
198,278
198,286
198,290
198,294
198,303
198,304
198,307
198,311
198,312
198,317
198,319
198,326
198,327
198,336
198,345
198,354
198,363
198,366
198,371
198,376
198,377
198,378
198,380
198,384
198,390
198,392
198,406
198,410
198,414
198,421
198,431
199,5
199,11
199,29
199,39
199,46
199,55
199,59
199,64
199,65
199,78
199,82
199,86
199,90
199,91
199,95
199,109
199,120
199,124
199,125
199,126
199,130
199,132
199,134
199,153
199,154
199,160
199,161
199,178
199,179
199,183
199,190
199,191
199,192
199,195
199,197
199,217
199,220
199,224
199,248
199,252
199,257
199,265
199,274
199,277
199,278
199,290
199,294
199,304
199,311
199,312
199,319
199,326
199,327
199,344
199,355
199,356
199,363
199,364
199,365
199,369
199,371
199,384
199,392
199,410
199,421
200,0
200,1
200,2
200,8
200,18
200,22
200,27
200,28
200,29
200,30
200,32
200,36
200,53
200,55
200,64
200,74
200,83
200,84
200,90
200,91
200,95
200,98
200,102
200,107
200,109
200,122
200,126
200,130
200,132
200,135
200,145
200,153
200,158
200,160
200,161
200,175
200,178
200,183
200,185
200,188
200,191
200,194
200,195
200,197
200,207
200,214
200,217
200,218
200,223
200,229
200,236
200,249
200,250
200,252
200,256
200,257
200,258
200,259
200,260
200,261
200,264
200,268
200,273
200,274
200,275
200,277
200,278
200,284
200,286
200,290
200,291
200,294
200,300
200,301
200,304
200,310
200,311
200,327
200,332
200,336
200,347
200,350
200,354
200,355
200,356
200,361
200,362
200,363
200,364
200,366
200,371
200,372
200,378
200,394
200,398
200,403
200,410
200,421
200,423
200,424
201,2
201,27
201,45
201,55
201,78
201,90
201,91
201,95
201,158
201,160
201,161
201,189
201,190
201,191
201,195
201,218
201,248
201,252
201,257
201,258
201,265
201,277
201,278
201,280
201,311
201,336
201,364
201,371
201,388
201,403
201,410
202,236
202,291
204,8
204,11
204,22
204,28
204,29
204,30
204,31
204,50
204,53
204,55
204,64
204,76
204,90
204,91
204,95
204,98
204,126
204,132
204,138
204,153
204,161
204,166
204,178
204,179
204,190
204,200
204,207
204,208
204,209
204,224
204,236
204,248
204,252
204,257
204,260
204,272
204,278
204,290
204,291
204,294
204,301
204,311
204,336
204,351
204,359
204,362
204,371
204,395
204,398
204,410
205,5
205,27
205,29
205,31
205,55
205,81
205,90
205,91
205,100
205,111
205,125
205,126
205,160
205,161
205,178
205,183
205,188
205,190
205,199
205,217
205,222
205,248
205,265
205,278
205,290
205,307
205,311
205,317
205,334
205,339
205,359
205,362
205,370
205,371
205,390
205,398
205,404
205,410
206,371
207,55
207,90
207,161
207,178
207,190
207,199
207,217
207,222
207,252
207,257
207,265
207,278
207,290
207,301
207,311
207,336
207,364
207,371
207,384
207,395
207,410
208,11
208,90
208,161
208,178
208,179
208,190
208,199
208,217
208,252
208,257
208,301
208,311
208,336
208,364
208,384
208,395
208,410
209,28
209,30
209,36
209,37
209,46
209,54
209,78
209,84
209,90
209,91
209,95
209,124
209,127
209,135
209,153
209,160
209,161
209,178
209,188
209,217
209,257
209,258
209,271
209,278
209,282
209,290
209,296
209,311
209,319
209,336
209,338
209,353
209,362
209,364
209,371
209,384
209,410
210,336
210,395
211,20
211,21
211,70
211,78
211,91
211,135
211,160
211,178
211,179
211,188
211,207
211,257
211,265
211,278
211,289
211,310
211,345
211,359
211,364
211,371
211,410
212,20
212,21
212,70
212,78
212,91
212,135
212,160
212,178
212,179
212,207
212,257
212,265
212,278
212,289
212,310
212,345
212,359
212,364
212,371
213,8
213,9
213,29
213,30
213,78
213,91
213,109
213,120
213,161
213,175
213,178
213,188
213,190
213,207
213,215
213,224
213,229
213,242
213,243
213,257
213,268
213,278
213,311
213,327
213,336
213,353
213,363
213,364
213,371
213,372
213,376
213,380
213,395
213,410
214,4
214,11
214,22
214,28
214,31
214,55
214,60
214,70
214,74
214,90
214,91
214,109
214,118
214,125
214,129
214,135
214,159
214,160
214,161
214,166
214,178
214,179
214,188
214,190
214,197
214,220
214,236
214,249
214,257
214,266
214,273
214,291
214,311
214,326
214,327
214,334
214,336
214,362
214,364
214,371
214,377
214,378
214,386
214,398
214,410
214,421
215,1
215,8
215,11
215,26
215,29
215,30
215,44
215,64
215,81
215,91
215,99
215,100
215,114
215,118
215,125
215,126
215,135
215,160
215,161
215,175
215,190
215,206
215,217
215,236
215,242
215,248
215,252
215,257
215,265
215,278
215,288
215,290
215,291
215,311
215,319
215,326
215,327
215,353
215,362
215,371
215,376
215,380
215,410
215,421
215,423
216,5
216,8
216,11
216,12
216,27
216,91
216,114
216,135
216,154
216,178
216,190
216,197
216,199
216,224
216,239
216,290
216,294
216,311
216,317
216,345
216,353
216,410
217,51
217,64
217,82
218,22
218,95
218,212
219,29
219,43
219,46
219,90
219,135
219,160
219,161
219,178
219,190
219,191
219,260
219,278
219,311
219,325
219,364
219,371
219,410
219,423
220,91
220,160
220,178
220,371
220,398
221,70
221,132
221,347
222,160
222,178
222,257
222,294
222,311
222,345
222,371
222,390
222,403
222,410
223,1
223,11
223,19
223,29
223,30
223,32
223,39
223,48
223,50
223,59
223,60
223,78
223,90
223,91
223,98
223,109
223,114
223,124
223,127
223,131
223,140
223,159
223,160
223,161
223,178
223,188
223,190
223,197
223,210
223,217
223,220
223,223
223,228
223,236
223,238
223,243
223,248
223,249
223,252
223,257
223,268
223,271
223,272
223,278
223,285
223,286
223,290
223,291
223,295
223,301
223,303
223,311
223,318
223,319
223,326
223,336
223,341
223,345
223,364
223,366
223,371
223,378
223,384
223,386
223,391
223,395
223,401
223,402
223,406
223,410
223,424
223,431
224,1
224,19
224,29
224,39
224,90
224,130
224,160
224,178
224,190
224,224
224,228
224,238
224,248
224,249
224,257
224,258
224,278
224,290
224,291
224,295
224,301
224,307
224,311
224,336
224,345
224,364
224,366
224,371
224,384
224,386
224,395
225,19
225,29
225,55
225,109
225,130
225,160
225,190
225,222
225,224
225,228
225,238
225,248
225,249
225,257
225,258
225,278
225,290
225,291
225,295
225,301
225,307
225,311
225,336
225,345
225,364
225,366
225,371
225,384
225,386
226,19
226,27
226,29
226,39
226,44
226,50
226,51
226,60
226,91
226,109
226,125
226,126
226,135
226,159
226,160
226,161
226,175
226,188
226,190
226,210
226,228
226,229
226,248
226,251
226,252
226,257
226,258
226,265
226,268
226,280
226,286
226,291
226,294
226,295
226,307
226,310
226,311
226,318
226,326
226,327
226,336
226,345
226,366
226,371
226,376
226,380
226,384
226,386
226,390
226,395
226,410
227,161
227,178
227,257
227,311
227,336
227,359
227,410
228,5
228,10
228,21
228,32
228,55
228,91
228,98
228,103
228,109
228,132
228,135
228,257
228,278
228,290
228,311
228,336
228,345
228,351
228,364
228,371
228,390
228,410
229,4
229,5
229,90
229,109
229,257
229,278
229,311
229,371
229,390
230,29
230,34
230,55
230,91
230,135
230,140
230,160
230,161
230,175
230,178
230,278
230,311
230,312
230,336
230,351
230,364
230,371
230,404
230,410
230,424
231,90
231,160
231,161
231,175
231,178
231,257
231,277
231,278
231,311
231,336
231,364
231,404
231,410
232,81
232,91
232,160
232,161
232,175
232,178
232,278
232,311
232,364
232,390
232,404
232,410
233,160
233,161
233,175
233,195
233,277
233,278
233,311
233,312
233,364
233,404
233,410
234,175
234,311
234,364
234,410
235,135
235,175
235,311
235,364
235,410
237,159
237,258
238,5
238,18
238,19
238,21
238,29
238,30
238,32
238,35
238,59
238,68
238,81
238,90
238,91
238,124
238,129
238,130
238,132
238,158
238,159
238,160
238,161
238,178
238,179
238,188
238,190
238,191
238,193
238,210
238,238
238,248
238,252
238,257
238,258
238,260
238,277
238,278
238,291
238,294
238,301
238,310
238,311
238,316
238,318
238,319
238,320
238,327
238,336
238,345
238,351
238,364
238,370
238,371
238,377
238,395
238,398
238,410
238,421
238,423
239,8
239,11
239,19
239,20
239,21
239,29
239,30
239,59
239,64
239,90
239,91
239,100
239,114
239,132
239,135
239,160
239,161
239,178
239,179
239,189
239,190
239,191
239,193
239,217
239,224
239,257
239,278
239,290
239,311
239,336
239,344
239,345
239,363
239,380
239,395
239,410
239,424
240,11
240,19
240,30
240,90
240,125
240,160
240,178
240,190
240,257
240,278
240,311
240,345
240,371
240,410
241,11
241,19
241,30
241,90
241,125
241,160
241,178
241,190
241,257
241,311
241,345
241,371
241,384
241,410
242,19
242,30
242,84
242,90
242,91
242,111
242,159
242,178
242,190
242,215
242,220
242,257
242,260
242,278
242,290
242,311
242,318
242,345
242,348
242,371
242,376
242,395
243,19
243,29
243,55
243,78
243,153
243,160
243,161
243,178
243,255
243,257
243,278
243,311
243,327
243,345
243,350
243,395
243,398
243,410
243,421
244,21
244,23
244,29
244,36
244,55
244,59
244,68
244,74
244,82
244,84
244,89
244,90
244,91
244,95
244,98
244,100
244,109
244,124
244,125
244,126
244,135
244,148
244,153
244,160
244,161
244,175
244,183
244,188
244,206
244,207
244,212
244,217
244,218
244,231
244,236
244,240
244,252
244,257
244,258
244,265
244,267
244,277
244,278
244,286
244,288
244,291
244,295
244,301
244,311
244,364
244,371
244,372
244,374
244,376
244,377
244,380
244,382
244,384
244,394
244,398
244,410
244,421
244,424
246,371
250,259
251,21
251,313
252,91
254,258
254,311
255,2
255,30
255,371
256,236
256,311
257,55
258,159
259,27
259,197
259,371
260,160
261,30
262,311
262,374
263,371
264,311
264,411
265,410
266,91
267,82
269,160
269,311
269,371
271,51
272,22
272,44
272,64
272,90
272,91
272,160
272,161
272,178
272,229
272,257
272,271
272,296
272,311
272,336
272,362
272,371
272,410
272,423
273,336
275,91
276,132
276,150
276,160
276,277
276,311
276,336
277,160
277,188
277,336
278,64
278,91
278,161
278,171
278,173
278,191
278,228
278,257
278,258
278,260
278,277
278,297
278,327
278,362
278,371
278,411
279,119
279,178
279,347
279,364
280,10
280,32
280,37
280,46
280,55
280,67
280,90
280,91
280,140
280,160
280,161
280,257
280,258
280,259
280,277
280,291
280,300
280,311
280,336
280,364
280,376
280,403
280,410
280,417
281,29
281,30
281,90
281,91
281,135
281,140
281,160
281,161
281,178
281,195
281,215
281,217
281,257
281,258
281,278
281,288
281,301
281,305
281,336
281,410
281,421
282,55
282,64
282,90
282,91
282,150
282,160
282,178
282,257
282,278
282,283
282,296
282,311
282,371
283,8
283,91
283,160
283,197
283,236
283,257
283,290
283,296
283,311
283,371
283,410
284,5
284,28
284,90
284,91
284,105
284,120
284,142
284,154
284,161
284,257
284,258
284,280
284,290
284,294
284,307
284,311
284,319
284,327
284,336
284,345
284,353
284,371
284,395
284,398
284,403
284,410
285,55
285,91
285,319
285,390
285,410
285,423
286,8
286,41
286,78
286,91
286,145
286,153
286,161
286,165
286,188
286,200
286,257
286,277
286,278
286,291
286,319
286,395
286,410
287,7
287,90
287,91
287,95
287,130
287,160
287,178
287,236
287,240
287,278
287,319
287,320
287,341
287,363
287,365
287,371
287,410
288,29
288,90
288,91
288,140
288,161
288,188
288,190
288,193
288,202
288,205
288,217
288,244
288,248
288,257
288,278
288,307
288,326
288,327
288,336
288,371
289,27
289,29
289,91
289,126
289,202
289,203
289,205
289,217
289,244
289,257
289,277
289,278
289,290
289,307
289,326
289,336
289,410
290,91
290,95
290,135
290,160
290,161
290,178
290,182
290,249
290,257
290,272
290,278
290,291
290,319
290,327
290,336
290,371
290,372
290,410
291,8
291,29
291,91
291,109
291,128
291,132
291,135
291,160
291,161
291,178
291,179
291,190
291,198
291,223
291,257
291,258
291,265
291,278
291,290
291,310
291,311
291,327
291,334
291,345
291,364
291,369
291,370
291,371
291,398
291,403
291,410
291,424
292,91
292,240
292,258
292,265
292,320
292,371
292,380
293,24
293,167
293,218
293,257
293,260
293,364
293,395
294,3
294,5
294,8
294,9
294,10
294,11
294,21
294,28
294,29
294,32
294,40
294,41
294,44
294,46
294,47
294,48
294,55
294,57
294,59
294,63
294,64
294,67
294,78
294,82
294,84
294,90
294,91
294,92
294,95
294,102
294,109
294,114
294,125
294,132
294,135
294,140
294,141
294,154
294,160
294,161
294,169
294,175
294,176
294,177
294,178
294,179
294,190
294,193
294,195
294,197
294,200
294,208
294,215
294,217
294,236
294,248
294,249
294,252
294,257
294,258
294,277
294,278
294,284
294,286
294,290
294,291
294,294
294,296
294,301
294,302
294,307
294,311
294,319
294,322
294,326
294,327
294,336
294,339
294,341
294,342
294,345
294,354
294,359
294,364
294,366
294,368
294,371
294,376
294,377
294,378
294,384
294,390
294,393
294,395
294,398
294,410
294,421
294,431
295,4
295,50
295,53
295,60
295,63
295,91
295,117
295,135
295,178
295,188
295,195
295,200
295,208
295,222
295,236
295,257
295,258
295,271
295,278
295,286
295,307
295,310
295,311
295,319
295,334
295,336
295,345
295,371
295,380
295,384
295,393
295,396
295,410
296,26
296,41
296,55
296,63
296,91
296,125
296,126
296,135
296,153
296,160
296,178
296,188
296,195
296,197
296,216
296,218
296,222
296,231
296,236
296,252
296,257
296,277
296,278
296,301
296,307
296,310
296,311
296,319
296,334
296,336
296,345
296,362
296,371
296,380
296,384
296,386
296,393
296,410
296,421
297,91
297,95
297,98
297,161
297,257
297,258
297,277
297,278
297,327
297,371
297,410
300,30
300,90
300,245
300,327
300,339
300,418
301,32
301,291
302,371
303,11
303,70
303,91
303,98
303,173
303,218
303,257
303,258
303,278
303,294
303,319
303,410
305,91
306,371
307,11
307,30
307,31
307,90
307,91
307,161
307,175
307,214
307,265
307,291
307,296
307,319
307,353
307,364
307,410
307,434
310,371
312,90
312,126
312,130
312,133
312,178
312,257
312,260
312,278
312,361
313,90
313,126
313,178
313,257
313,260
313,278
314,257
315,21
315,278
317,91
319,55
319,64
319,91
319,131
319,160
319,161
319,178
319,277
319,278
319,296
319,311
319,312
319,410
320,371
321,371
323,91
323,125
323,196
323,291
323,372
324,29
324,78
324,91
324,95
324,100
324,129
324,161
324,188
324,222
324,244
324,248
324,249
324,257
324,311
324,319
324,327
324,336
324,371
324,410
325,126
326,34
326,60
326,161
326,259
326,311
326,312
326,410
326,412
327,81
327,258
328,0
328,34
328,69
328,91
328,125
328,161
328,178
328,183
328,188
328,190
328,252
328,257
328,311
328,312
328,359
328,371
328,397
328,410
328,412
329,34
329,69
329,78
329,91
329,135
329,146
329,161
329,178
329,183
329,188
329,190
329,252
329,257
329,277
329,278
329,311
329,312
329,359
329,365
329,371
329,384
329,410
329,412
329,421
330,90
330,135
330,198
330,209
330,229
330,257
330,311
330,336
330,345
330,410
331,26
331,91
331,198
331,268
331,278
331,345
331,410
331,421
333,5
333,160
333,257
333,277
333,384
333,390
334,5
334,45
334,167
334,303
334,345
334,371
335,5
335,78
335,190
335,277
335,291
335,294
335,371
335,410
335,423
336,30
336,160
336,178
336,257
336,265
336,301
336,302
336,336
336,371
336,378
336,410
337,17
337,51
337,59
337,64
337,91
337,125
337,190
337,236
337,248
337,278
337,307
337,311
337,363
337,371
337,372
337,386
337,410
338,51
338,336
338,371
339,51
339,371
340,51
340,371
341,51
341,371
342,51
342,311
342,371
343,51
343,371
344,51
344,371
345,277
345,291
345,294
345,310
345,329
345,336
345,338
346,215
346,258
346,296
346,311
346,319
347,27
347,31
347,160
347,161
347,178
347,257
347,276
347,294
347,304
347,307
347,311
347,336
347,359
347,371
347,393
347,410
347,423
348,3
348,21
348,29
348,48
348,74
348,91
348,178
348,181
348,197
348,311
348,336
348,345
348,370
348,371
349,34
349,78
349,91
349,95
349,131
349,161
349,166
349,178
349,257
349,265
349,277
349,278
349,311
349,359
349,371
349,404
349,410
349,431
350,114
350,161
350,303
350,311
352,387
353,371
356,336
359,64
361,91
361,122
361,277
361,336
361,345
361,371
361,390
361,393
361,410
362,6
362,29
362,53
362,60
362,91
362,109
362,161
362,257
362,258
362,319
362,336
362,347
362,359
362,371
362,376
362,381
362,410
363,48
363,257
363,291
363,336
363,364
363,386
364,257
365,55
365,153
365,311
365,319
365,336
365,410
365,424
366,29
366,60
366,91
366,161
366,278
366,291
366,334
366,336
366,359
366,410
367,3
367,64
367,91
367,95
367,98
367,135
367,160
367,161
367,165
367,178
367,179
367,215
367,229
367,240
367,257
367,259
367,260
367,264
367,272
367,286
367,301
367,311
367,327
367,372
367,378
367,410
368,5
368,21
368,25
368,43
368,63
368,90
368,91
368,109
368,125
368,126
368,149
368,161
368,178
368,181
368,190
368,195
368,217
368,218
368,236
368,278
368,290
368,301
368,311
368,319
368,369
368,371
368,379
368,382
368,423
368,424
369,8
369,64
369,91
369,135
369,160
369,161
369,178
369,188
369,301
369,311
369,327
369,353
369,371
369,410
372,4
375,345
376,30
377,278
378,91
379,160
380,91
380,257
380,278
380,367
381,11
381,34
381,36
381,52
381,53
381,55
381,78
381,89
381,90
381,91
381,109
381,124
381,125
381,126
381,135
381,146
381,160
381,161
381,163
381,178
381,196
381,252
381,258
381,278
381,311
381,315
381,317
381,326
381,336
381,371
381,380
381,393
381,410
381,421
383,278
385,38
386,371
388,91
389,257
390,175
390,179
391,29
391,31
391,48
391,91
391,160
391,167
391,190
391,277
391,336
391,364
392,90
393,278
393,410
394,371
394,421
395,29
395,31
395,178
395,278
395,294
395,319
395,336
395,370
395,395
396,278
397,257
398,29
398,78
398,105
398,127
398,153
398,252
398,260
398,345
398,371
398,384
398,410
399,63
399,257
401,214
402,132
403,98
404,159
405,290
405,395
406,137
407,410
410,311
412,371
413,38
414,91
415,11
415,27
415,60
415,190
415,191
415,291
415,410
416,272
417,278
417,319
418,37
419,161
421,410
422,3
422,5
422,40
422,53
422,68
422,90
422,125
422,160
422,161
422,188
422,190
422,216
422,252
422,257
422,311
422,336
422,345
422,371
422,376
422,384
422,390
422,395
422,410
423,5
423,53
423,91
423,126
423,195
423,252
423,311
423,345
423,371
423,389
423,390
423,410
424,217
424,389
424,410
425,257
426,16
426,286
427,179
430,418
432,95
433,371
434,371
435,8
435,21
435,51
435,60
435,64
435,91
435,132
435,135
435,137
435,145
435,153
435,159
435,160
435,161
435,176
435,178
435,227
435,257
435,278
435,301
435,311
435,326
435,363
435,365
435,382
435,410
435,424
437,91
437,135
437,160
437,178
437,198
437,277
437,278
437,294
437,311
437,371
437,377
438,43
438,55
438,297
439,38
441,10
441,62
441,91
441,95
441,135
441,161
441,178
441,198
441,236
441,248
441,336
441,364
442,18
442,51
442,90
442,91
442,135
442,160
442,161
442,175
442,217
442,222
442,278
442,311
442,371
442,410
443,278
446,38
447,49
448,30
448,91
448,265
449,217
450,30
453,336
454,345
454,410
456,278
457,55
458,16
458,170
458,188
460,371
461,50
461,311
462,278
463,258
463,311
463,410
464,265
465,265
465,410
466,311
467,49
468,410
470,398
471,91
475,5
475,11
475,27
475,30
475,55
475,78
475,90
475,91
475,159
475,161
475,193
475,224
475,277
475,288
475,290
475,302
475,311
475,327
475,334
475,355
475,356
475,357
475,371
475,377
475,398
475,410
475,417
476,5
476,31
476,91
476,260
476,278
476,291
476,327
476,362
476,371
476,410
477,6
477,16
477,22
477,27
477,91
477,126
477,131
477,203
477,236
477,257
477,371
477,393
477,423
479,64
479,91
479,198
479,224
479,257
479,294
479,319
479,371
479,410
480,278
480,336
480,343
480,371
480,410
481,18
481,59
481,60
481,91
482,29
482,81
482,91
482,257
482,311
482,336
482,410
482,421
483,5
483,34
483,61
483,71
483,91
483,105
483,135
483,160
483,161
483,175
483,190
483,202
483,240
483,252
483,291
483,311
483,336
483,343
483,371
483,384
483,410
483,419
484,91
484,195
484,372
485,90
485,257
485,278
485,311
485,370
485,371
485,421
486,3
486,29
486,49
486,55
486,78
486,81
486,109
486,129
486,153
486,160
486,161
486,178
486,199
486,220
486,224
486,257
486,258
486,260
486,265
486,271
486,277
486,286
486,291
486,311
486,364
486,369
486,371
486,378
486,379
486,384
486,410
486,434
487,29
487,98
487,109
487,161
487,224
487,236
487,257
487,277
487,294
487,311
487,340
487,345
487,351
487,364
487,371
487,390
487,393
487,410
487,417
488,8
488,319
488,331
489,5
489,28
489,29
489,45
489,91
489,109
489,153
489,161
489,178
489,183
489,215
489,257
489,265
489,294
489,310
489,311
489,319
489,336
489,371
489,378
489,384
489,395
489,410
490,0
490,29
490,62
490,91
490,95
490,135
490,161
490,175
490,178
490,194
490,215
490,257
490,265
490,291
490,301
490,304
490,424
491,257
492,410
493,371
494,3
494,160
494,178
494,260
494,311
496,55
496,91
496,161
496,188
496,278
496,294
496,311
496,410
498,90
498,91
498,135
498,268
498,371
498,410
498,411
499,4
499,29
499,48
499,53
499,64
499,75
499,91
499,95
499,109
499,126
499,135
499,160
499,168
499,190
499,257
499,311
499,316
499,336
499,371
499,410
500,8
500,126
500,160
500,161
500,175
500,257
500,265
500,277
500,311
500,319
500,410
501,21
501,78
501,91
501,125
501,160
501,218
501,410
502,55
502,64
502,90
502,91
502,135
502,160
502,161
502,248
502,252
502,257
502,278
502,384
502,410
503,178
503,278
503,311
504,161
504,178
504,278
504,410
505,26
505,126
505,278
506,55
507,149
507,199
507,223
507,278
507,311
508,257
508,258
509,105
509,189
509,227
509,257
509,311
510,248
510,278
510,384
510,410
511,160
511,248
511,278
511,371
511,384
511,410
512,91
512,311
513,257
513,278
513,364
513,371
513,410
514,364
515,344
515,364
516,371
517,81
517,135
517,157
517,160
517,260
517,265
518,90
518,260
518,286
518,364
520,123
520,278
520,345
520,364
521,123
521,410
522,188
523,30
523,164
523,278
524,91
524,135
524,164
524,311
524,371
524,377
524,410
525,91
525,164
525,311
525,336
525,364
525,371
526,164
526,311
526,410
527,50
527,91
527,126
527,157
527,164
527,178
527,188
527,199
527,265
527,268
527,410
528,126
528,146
528,161
528,178
528,183
528,278
528,311
528,371
528,410
529,34
529,126
529,164
529,178
529,311
529,351
529,410
529,424
530,126
530,160
530,164
530,178
530,311
531,46
531,91
531,126
531,164
531,178
532,126
532,157
532,164
532,178
532,257
532,311
533,91
533,160
533,257
534,178
534,327
534,359
535,90
535,160
535,161
535,278
535,336
535,410
536,157
536,178
536,240
536,252
536,311
537,95
537,178
537,257
537,410
538,161
539,8
539,91
539,98
539,109
539,133
539,198
539,258
539,278
539,311
539,327
539,410
540,31
540,34
540,124
540,160
540,178
540,265
540,276
540,277
540,336
541,371
542,28
542,51
542,91
542,125
542,135
542,161
542,248
542,257
542,278
542,311
542,319
542,336
542,371
542,410
542,418
542,434
543,125
543,135
543,216
543,283
543,336
543,345
543,351
543,371
543,389
543,410
544,91
544,161
544,410
545,161
545,410
546,55
546,90
546,95
546,173
546,257
546,311
546,410
547,291
549,28
549,151
549,424
550,91
550,151
550,377
551,257
552,297
554,29
556,424
557,424
558,68
558,91
558,410
559,68
559,341
559,410
560,90
560,91
560,311
561,22
562,126
562,258
563,190
563,257
563,260
564,257
564,319
565,91
565,311
567,410
568,90
568,290
568,377
570,257
571,91
573,195
573,258
575,22
575,257
575,336
575,410
576,151
576,248
577,51
577,291
577,319
577,371
578,410
579,27
579,30
579,82
579,91
579,95
579,126
579,135
579,149
579,189
579,257
579,278
579,327
579,336
579,364
579,371
579,398
579,399
579,410
580,6
580,21
580,29
580,236
580,260
580,288
580,327
580,367
581,91
581,161
581,278
582,160
582,326
582,410
584,16
584,217
584,258
584,327
584,371
586,91
586,125
586,257
586,296
586,364
586,371
586,423
587,188
587,260
588,8
588,90
588,91
588,124
588,161
588,217
588,278
588,349
589,95
590,316
590,336
591,91
592,67
592,81
592,220
592,410
593,22
593,27
593,29
593,30
593,60
593,70
593,91
593,98
593,109
593,160
593,161
593,311
593,336
593,371
593,377
593,410
594,410
595,91
595,130
595,161
595,223
595,224
595,257
595,362
595,410
596,135
596,278
597,124
597,218
597,243
597,319
597,410
598,131
598,260
599,91
600,31
600,98
600,160
600,359
601,161
601,291
602,91
602,260
602,410
603,60
603,91
603,260
603,371
603,410
604,6
604,188
604,260
605,91
605,160
605,161
605,421
606,410
607,78
607,241
607,257
607,410
608,371
610,49
611,38
612,15
612,82
612,91
612,257
612,260
612,311
612,377
613,64
614,258
615,161
615,257
615,290
615,410
616,260
617,91
617,160
617,252
617,260
619,188
620,124
620,160
620,303
620,336
620,371
620,378
620,384
620,410
620,421
622,257
622,291
623,55
623,90
623,260
624,95
624,257
624,364
624,371
624,410
625,135
626,267
626,327
626,371
626,424
628,311
629,278
630,90
630,91
630,161
630,260
630,311
630,377
630,410
631,95
631,195
631,311
631,410
632,91
632,125
632,135
632,150
632,278
632,290
632,296
632,311
632,410
633,161
634,90
634,410
635,91
635,161
635,173
635,198
635,243
635,319
635,371
635,410
635,430
636,90
636,190
636,218
636,252
636,257
636,258
636,260
636,265
636,291
636,311
636,371
636,410
636,412
637,21
637,90
637,91
637,257
637,311
637,371
637,377
637,410
638,290
638,371
640,125
641,278
641,308
641,311
641,327
643,21
643,62
643,90
643,190
643,290
644,64
644,161
644,196
644,260
644,278
644,334
645,8
645,27
645,29
645,37
645,51
645,68
645,75
645,91
645,161
645,190
645,196
645,236
645,257
645,258
645,259
645,260
645,278
645,311
645,410
646,62
646,371
646,418
646,419
647,410
647,424
648,257
648,373
649,260
649,336
649,371
650,170
650,371
653,64
653,85
653,336
653,377
654,62
654,91
654,278
654,336
654,410
655,371
655,410
656,291
656,371
658,91
658,161
658,178
658,278
658,286
658,311
658,371
658,410
659,175
661,2
661,31
661,40
661,78
661,91
661,248
661,257
661,311
661,327
661,336
661,371
661,395
661,410
662,259
662,260
662,371
663,359
664,161
664,329
665,109
665,260
666,260
666,410
667,102
667,319
667,327
668,167
668,236
668,257
668,290
668,301
668,320
669,161
669,336
669,410
670,260
671,31
671,82
671,236
671,259
671,260
671,310
671,311
671,319
671,377
672,35
672,133
672,215
672,310
672,311
672,374
673,336
674,265
675,56
675,178
675,220
675,371
675,374
676,255
678,161
678,257
678,288
678,370
678,371
678,377
678,393
678,410
679,262
680,214
681,311
682,5
682,67
682,78
682,104
682,130
682,161
682,278
682,279
682,319
682,336
682,371
682,374
682,410
685,160
686,38
689,38
691,91
691,410
694,126
695,91
696,189
698,38
699,262
700,5
700,31
700,34
700,91
700,130
700,153
700,160
700,161
700,175
700,257
700,278
700,311
700,318
700,319
700,345
700,388
700,395
700,410
701,5
701,29
701,31
701,34
701,91
701,130
701,153
701,160
701,161
701,175
701,257
701,278
701,311
701,318
701,319
701,345
701,388
701,395
701,410
702,27
702,40
702,91
702,100
702,126
702,160
702,183
702,217
702,265
702,311
702,335
702,366
702,371
704,224
705,175
706,21
706,398
707,27
707,44
707,75
707,160
707,175
707,179
707,193
707,217
707,258
707,410
708,29
708,64
708,135
708,160
708,180
708,190
708,258
709,91
709,311
709,410
710,410
710,421
713,16
713,95
713,190
713,371
713,377
713,393
714,90
714,135
714,217
714,278
715,161
715,278
715,311
715,388
716,11
716,257
716,260
716,278
717,160
717,421
718,91
721,118
721,336
723,126
723,135
723,160
723,161
723,248
723,257
724,27
724,78
724,91
724,198
724,291
724,302
724,311
724,334
724,378
724,388
724,398
724,410
725,371
726,372
727,74
727,91
728,91
728,160
728,175
728,189
728,195
728,196
728,297
728,311
728,319
728,364
728,371
729,91
729,371
730,311
732,30
732,91
734,90
736,151
737,31
737,34
737,41
737,50
737,90
737,91
737,95
737,130
737,135
737,160
737,178
737,182
737,183
737,199
737,236
737,237
737,257
737,265
737,277
737,290
737,296
737,300
737,301
737,311
737,319
737,336
737,361
737,371
737,384
737,395
738,31
738,34
738,91
738,95
738,135
738,160
738,178
738,199
738,236
738,265
738,277
738,296
738,300
738,301
738,311
738,319
738,371
738,395
738,430
739,2
739,23
739,46
739,78
739,91
739,135
739,160
739,161
739,178
739,255
739,265
739,277
739,311
739,319
739,362
739,364
739,371
739,377
739,389
739,395
739,410
740,8
740,22
740,27
740,30
740,31
740,36
740,37
740,41
740,46
740,50
740,51
740,90
740,91
740,125
740,135
740,153
740,159
740,160
740,161
740,178
740,183
740,190
740,197
740,217
740,220
740,257
740,258
740,265
740,272
740,278
740,300
740,311
740,317
740,319
740,320
740,336
740,362
740,364
740,370
740,371
740,410
740,420
740,421
740,423
740,426
741,278
742,374
743,56
743,277
744,257
745,160
745,196
745,410
746,91
746,95
746,181
746,257
746,410
747,55
747,64
747,311
747,371
747,410
747,413
747,421
748,190
748,248
748,249
748,316
748,364
748,371
750,125
750,257
750,336
751,31
751,53
751,56
751,91
751,160
751,161
751,175
751,195
751,257
751,292
751,364
751,371
751,410
752,252
753,8
753,52
753,55
753,59
753,78
753,90
753,91
753,123
753,125
753,134
753,135
753,161
753,177
753,195
753,199
753,227
753,248
753,257
753,277
753,278
753,290
753,291
753,311
753,326
753,336
753,339
753,357
753,371
753,377
753,381
753,383
753,410
753,421
754,18
754,29
754,55
754,95
754,127
754,135
754,153
754,161
754,178
754,189
754,207
754,214
754,217
754,257
754,258
754,278
754,301
754,310
754,311
754,334
754,364
754,371
754,384
754,395
755,29
755,55
755,60
755,64
755,91
755,98
755,118
755,125
755,126
755,135
755,160
755,175
755,188
755,191
755,215
755,248
755,257
755,260
755,278
755,290
755,301
755,311
755,319
755,366
755,371
755,372
755,377
755,410
755,415
756,21
756,29
756,53
756,60
756,91
756,100
756,126
756,135
756,161
756,214
756,218
756,278
756,290
756,294
756,311
756,327
756,371
756,390
756,410
